{"cameraMode":{"drawMode":0,"name":"Shaded","section":"Shading Mode"},"sceneLighting":false,"audioPlay":false,"sceneViewState":{"showFog":true,"showMaterialUpdate":true,"showSkybox":false,"showFlares":true,"showImageEffects":true,"showParticleSystems":true},"in2DMode":false,"pivot":{"x":-1.5762255191802979,"y":-4.986442565917969,"z":9.464122772216797},"rotation":{"x":-0.3450804352760315,"y":0.4071045219898224,"z":-0.16624347865581513,"w":-0.8299716711044312},"size":0.29401499032974245,"orthographic":false}