{"cameraMode":{"drawMode":0,"name":"Shaded","section":"Shading Mode"},"sceneLighting":false,"audioPlay":true,"sceneViewState":{"showFog":true,"showMaterialUpdate":true,"showSkybox":false,"showFlares":true,"showImageEffects":true,"showParticleSystems":true},"in2DMode":false,"pivot":{"x":0.5617070198059082,"y":0.01773977279663086,"z":14.441646575927735},"rotation":{"x":0.16587239503860475,"y":-0.2896180748939514,"z":0.049275465309619907,"w":0.9419577717781067},"size":6.745368957519531,"orthographic":false}