{"cameraMode":{"drawMode":0,"name":"Shaded","section":"Shading Mode"},"sceneLighting":false,"audioPlay":true,"sceneViewState":{"showFog":true,"showMaterialUpdate":true,"showSkybox":false,"showFlares":true,"showImageEffects":true,"showParticleSystems":true},"in2DMode":false,"pivot":{"x":-0.3373540937900543,"y":1.58767569065094,"z":5.020094871520996},"rotation":{"x":0.09698744863271713,"y":0.8991817831993103,"z":-0.26540735363960268,"w":0.33574986457824709},"size":4.227883338928223,"orthographic":false}