{"cameraMode":{"drawMode":0,"name":"Shaded","section":"Shading Mode"},"sceneLighting":false,"audioPlay":false,"sceneViewState":{"showFog":true,"showMaterialUpdate":true,"showSkybox":false,"showFlares":true,"showImageEffects":true,"showParticleSystems":true},"in2DMode":false,"pivot":{"x":0.41282275319099429,"y":0.3695790469646454,"z":-1.7081304788589478},"rotation":{"x":0.10953400284051895,"y":-0.5444880127906799,"z":0.07174251973628998,"w":0.8285293579101563},"size":0.7071070075035095,"orthographic":false}