{"cameraMode":{"drawMode":0,"name":"Shaded","section":"Shading Mode"},"sceneLighting":true,"audioPlay":false,"sceneViewState":{"showFog":true,"showMaterialUpdate":true,"showSkybox":true,"showFlares":true,"showImageEffects":true,"showParticleSystems":true},"in2DMode":false,"pivot":{"x":4.523133754730225,"y":4.2742018699646,"z":4.308984756469727},"rotation":{"x":0.3898961544036865,"y":0.45794570446014407,"z":-0.23371478915214539,"w":0.7639686465263367},"size":3.984598398208618,"orthographic":false}