{"cameraMode":{"drawMode":0,"name":"Shaded","section":"Shading Mode"},"sceneLighting":false,"audioPlay":false,"sceneViewState":{"showFog":true,"showMaterialUpdate":true,"showSkybox":false,"showFlares":true,"showImageEffects":true,"showParticleSystems":true},"in2DMode":false,"pivot":{"x":10.642229080200196,"y":-7.54718017578125,"z":-4.339721202850342},"rotation":{"x":-0.16447260975837708,"y":-0.7939887046813965,"z":0.24767740070819856,"w":-0.5306856036186218},"size":9.550000190734864,"orthographic":false}