{"cameraMode":{"drawMode":0,"name":"Shaded","section":"Shading Mode"},"sceneLighting":true,"audioPlay":false,"sceneViewState":{"showFog":true,"showMaterialUpdate":true,"showSkybox":false,"showFlares":true,"showImageEffects":true,"showParticleSystems":true},"in2DMode":false,"pivot":{"x":-1.4529609680175782,"y":-8.501343727111817,"z":3.4453155994415285},"rotation":{"x":-0.22387409210205079,"y":0.6593104600906372,"z":-0.21413493156433106,"w":-0.685839056968689},"size":13.319242477416993,"orthographic":false}