{"cameraMode":{"drawMode":0,"name":"Shaded","section":"Shading Mode"},"sceneLighting":false,"audioPlay":false,"sceneViewState":{"showFog":true,"showMaterialUpdate":true,"showSkybox":false,"showFlares":true,"showImageEffects":true,"showParticleSystems":true},"in2DMode":false,"pivot":{"x":-2.5409998893737795,"y":0.7300000190734863,"z":6.811999797821045},"rotation":{"x":-0.09875474125146866,"y":-0.9023561477661133,"z":0.27395206689834597,"w":-0.3186091184616089},"size":0.12990371882915498,"orthographic":false}