{"cameraMode":{"drawMode":0,"name":"Shaded","section":"Shading Mode"},"sceneLighting":false,"audioPlay":false,"sceneViewState":{"showFog":true,"showMaterialUpdate":true,"showSkybox":false,"showFlares":true,"showImageEffects":true,"showParticleSystems":true},"in2DMode":false,"pivot":{"x":2.078416347503662,"y":-1.9793596267700196,"z":1.8637768030166627},"rotation":{"x":0.2797928750514984,"y":0.4451293647289276,"z":-0.14869043231010438,"w":0.8375564217567444},"size":2.1247448921203615,"orthographic":false}