{"cameraMode":{"drawMode":0,"name":"Shaded","section":"Shading Mode"},"sceneLighting":false,"audioPlay":false,"sceneViewState":{"showFog":true,"showMaterialUpdate":true,"showSkybox":false,"showFlares":true,"showImageEffects":true,"showParticleSystems":true},"in2DMode":false,"pivot":{"x":43.43437576293945,"y":-7.978175163269043,"z":2.784909725189209},"rotation":{"x":-0.2569637894630432,"y":-0.6520410776138306,"z":0.2544735372066498,"w":-0.6672223806381226},"size":11.286839485168457,"orthographic":false}